{"cameraMode":{"drawMode":0,"name":"Shaded","section":"Shading Mode"},"sceneLighting":true,"audioPlay":false,"sceneViewState":{"showFog":true,"showMaterialUpdate":false,"showSkybox":true,"showFlares":true,"showImageEffects":true,"showParticleSystems":true},"in2DMode":false,"pivot":{"x":570.6524658203125,"y":309.29998779296877,"z":21.575057983398439},"rotation":{"x":-0.13463717699050904,"y":0.0614907406270504,"z":-0.00837141927331686,"w":-0.9889532327651978},"size":81.39410400390625,"orthographic":false}