{"cameraMode":{"drawMode":0,"name":"Shaded","section":"Shading Mode"},"sceneLighting":true,"audioPlay":false,"sceneViewState":{"showFog":true,"showMaterialUpdate":false,"showSkybox":true,"showFlares":true,"showImageEffects":true,"showParticleSystems":true},"in2DMode":false,"pivot":{"x":-14.451319694519043,"y":13.199894905090332,"z":-9.6804780960083},"rotation":{"x":-0.21773268282413484,"y":0.10575492680072785,"z":-0.023732909932732583,"w":-0.9699835777282715},"size":49.715484619140628,"orthographic":false}