{"cameraMode":{"drawMode":0,"name":"Shaded","section":"Shading Mode"},"sceneLighting":true,"audioPlay":false,"sceneViewState":{"showFog":true,"showMaterialUpdate":false,"showSkybox":true,"showFlares":true,"showImageEffects":true,"showParticleSystems":true},"in2DMode":false,"pivot":{"x":13.010196685791016,"y":-4.296979904174805,"z":28.071910858154298},"rotation":{"x":-0.4024381935596466,"y":0.39522549510002139,"z":-0.1984354853630066,"w":-0.8015433549880981},"size":17.249746322631837,"orthographic":false}