{"cameraMode":{"drawMode":0,"name":"Shaded","section":"Shading Mode"},"sceneLighting":true,"audioPlay":false,"sceneViewState":{"showFog":true,"showMaterialUpdate":false,"showSkybox":true,"showFlares":true,"showImageEffects":true,"showParticleSystems":true},"in2DMode":false,"pivot":{"x":-15.835916519165039,"y":-7.06744384765625,"z":9.984672546386719},"rotation":{"x":-0.35841625928878786,"y":0.11080508679151535,"z":-0.04288971424102783,"w":-0.9259740114212036},"size":108.27525329589844,"orthographic":false}