{"cameraMode":{"drawMode":0,"name":"Shaded","section":"Shading Mode"},"sceneLighting":true,"audioPlay":false,"sceneViewState":{"showFog":true,"showMaterialUpdate":false,"showSkybox":true,"showFlares":true,"showImageEffects":true,"showParticleSystems":true},"in2DMode":false,"pivot":{"x":-7.944268226623535,"y":3.9363861083984377,"z":8.178750038146973},"rotation":{"x":-0.2894013226032257,"y":0.11508234590291977,"z":-0.035066984593868259,"w":-0.9496299028396606},"size":10.505892753601075,"orthographic":false}