{"cameraMode":{"drawMode":0,"name":"Shaded","section":"Shading Mode"},"sceneLighting":true,"audioPlay":false,"sceneViewState":{"showFog":true,"showMaterialUpdate":false,"showSkybox":true,"showFlares":true,"showImageEffects":true,"showParticleSystems":true},"in2DMode":false,"pivot":{"x":3.5307979583740236,"y":0.3156108856201172,"z":-4.727337837219238},"rotation":{"x":-0.277861624956131,"y":0.48220014572143557,"z":-0.16452498733997346,"w":-0.8143774271011353},"size":14.859977722167969,"orthographic":false}