{"cameraMode":{"drawMode":0,"name":"Shaded","section":"Shading Mode"},"sceneLighting":true,"audioPlay":false,"sceneViewState":{"showFog":true,"showMaterialUpdate":false,"showSkybox":true,"showFlares":true,"showImageEffects":true,"showParticleSystems":true},"in2DMode":false,"pivot":{"x":3.1419334411621095,"y":-1.1475887298583985,"z":-8.173295974731446},"rotation":{"x":-0.28584814071655276,"y":0.5136191844940186,"z":-0.18650288879871369,"w":-0.7872136235237122},"size":42.156986236572269,"orthographic":false}