{"cameraMode":{"drawMode":0,"name":"Shaded","section":"Shading Mode"},"sceneLighting":true,"audioPlay":false,"sceneViewState":{"showFog":true,"showMaterialUpdate":false,"showSkybox":true,"showFlares":true,"showImageEffects":true,"showParticleSystems":true},"in2DMode":false,"pivot":{"x":-9.752792358398438,"y":-14.517070770263672,"z":-20.927471160888673},"rotation":{"x":-0.31584206223487856,"y":0.440308153629303,"z":-0.16891483962535859,"w":-0.82331782579422},"size":48.49111557006836,"orthographic":false}