{"cameraMode":{"drawMode":0,"name":"Shaded","section":"Shading Mode"},"sceneLighting":false,"audioPlay":false,"sceneViewState":{"showFog":true,"showMaterialUpdate":false,"showSkybox":false,"showFlares":true,"showImageEffects":true,"showParticleSystems":true},"in2DMode":false,"pivot":{"x":-0.04455298185348511,"y":0.5253575444221497,"z":-0.17587314546108247},"rotation":{"x":-0.28261083364486697,"y":0.10534024983644486,"z":-0.031241022050380708,"w":-0.9529224038124085},"size":0.8684810400009155,"orthographic":false}