{"cameraMode":{"drawMode":0,"name":"Shaded","section":"Shading Mode"},"sceneLighting":true,"audioPlay":false,"sceneViewState":{"showFog":true,"showMaterialUpdate":false,"showSkybox":true,"showFlares":true,"showImageEffects":true,"showParticleSystems":true},"in2DMode":false,"pivot":{"x":-6.025634765625,"y":0.931640625,"z":5.058349609375},"rotation":{"x":0.002683548955246806,"y":-0.4495057463645935,"z":0.0013442175695672632,"w":0.8932902812957764},"size":9.81049919128418,"orthographic":true}